,id,node_id,name,full_name,private,owner,html_url,description,fork,url,forks_url,keys_url,collaborators_url,teams_url,hooks_url,issue_events_url,events_url,assignees_url,branches_url,tags_url,blobs_url,git_tags_url,git_refs_url,trees_url,statuses_url,languages_url,stargazers_url,contributors_url,subscribers_url,subscription_url,commits_url,git_commits_url,comments_url,issue_comment_url,contents_url,compare_url,merges_url,archive_url,downloads_url,issues_url,pulls_url,milestones_url,notifications_url,labels_url,releases_url,deployments_url,created_at,updated_at,pushed_at,git_url,ssh_url,clone_url,svn_url,homepage,size,stargazers_count,watchers_count,language,has_issues,has_projects,has_downloads,has_wiki,has_pages,has_discussions,forks_count,mirror_url,archived,disabled,open_issues_count,license,allow_forking,is_template,web_commit_signoff_required,topics,visibility,forks,open_issues,watchers,default_branch,permissions,score,lang_name,lang_perc,license_name
0,32935745,MDEwOlJlcG9zaXRvcnkzMjkzNTc0NQ==,che,eclipse/che,False,"{'login': 'eclipse', 'id': 56974, 'node_id': 'MDEyOk9yZ2FuaXphdGlvbjU2OTc0', 'avatar_url': 'https://avatars.githubusercontent.com/u/56974?v=4', 'gravatar_id': '', 'url': 'https://api.github.com/users/eclipse', 'html_url': 'https://github.com/eclipse', 'followers_url': 'https://api.github.com/users/eclipse/followers', 'following_url': 'https://api.github.com/users/eclipse/following{/other_user}', 'gists_url': 'https://api.github.com/users/eclipse/gists{/gist_id}', 'starred_url': 'https://api.github.com/users/eclipse/starred{/owner}{/repo}', 'subscriptions_url': 'https://api.github.com/users/eclipse/subscriptions', 'organizations_url': 'https://api.github.com/users/eclipse/orgs', 'repos_url': 'https://api.github.com/users/eclipse/repos', 'events_url': 'https://api.github.com/users/eclipse/events{/privacy}', 'received_events_url': 'https://api.github.com/users/eclipse/received_events', 'type': 'Organization', 'site_admin': False}",https://github.com/eclipse/che,The Kubernetes-Native IDE for Developer Teams,False,https://api.github.com/repos/eclipse/che,https://api.github.com/repos/eclipse/che/forks,https://api.github.com/repos/eclipse/che/keys{/key_id},https://api.github.com/repos/eclipse/che/collaborators{/collaborator},https://api.github.com/repos/eclipse/che/teams,https://api.github.com/repos/eclipse/che/hooks,https://api.github.com/repos/eclipse/che/issues/events{/number},https://api.github.com/repos/eclipse/che/events,https://api.github.com/repos/eclipse/che/assignees{/user},https://api.github.com/repos/eclipse/che/branches{/branch},https://api.github.com/repos/eclipse/che/tags,https://api.github.com/repos/eclipse/che/git/blobs{/sha},https://api.github.com/repos/eclipse/che/git/tags{/sha},https://api.github.com/repos/eclipse/che/git/refs{/sha},https://api.github.com/repos/eclipse/che/git/trees{/sha},https://api.github.com/repos/eclipse/che/statuses/{sha},https://api.github.com/repos/eclipse/che/languages,https://api.github.com/repos/eclipse/che/stargazers,https://api.github.com/repos/eclipse/che/contributors,https://api.github.com/repos/eclipse/che/subscribers,https://api.github.com/repos/eclipse/che/subscription,https://api.github.com/repos/eclipse/che/commits{/sha},https://api.github.com/repos/eclipse/che/git/commits{/sha},https://api.github.com/repos/eclipse/che/comments{/number},https://api.github.com/repos/eclipse/che/issues/comments{/number},https://api.github.com/repos/eclipse/che/contents/{+path},https://api.github.com/repos/eclipse/che/compare/{base}...{head},https://api.github.com/repos/eclipse/che/merges,https://api.github.com/repos/eclipse/che/{archive_format}{/ref},https://api.github.com/repos/eclipse/che/downloads,https://api.github.com/repos/eclipse/che/issues{/number},https://api.github.com/repos/eclipse/che/pulls{/number},https://api.github.com/repos/eclipse/che/milestones{/number},"https://api.github.com/repos/eclipse/che/notifications{?since,all,participating}",https://api.github.com/repos/eclipse/che/labels{/name},https://api.github.com/repos/eclipse/che/releases{/id},https://api.github.com/repos/eclipse/che/deployments,2015-03-26T15:31:01Z,2023-04-14T16:57:31Z,2023-04-13T17:40:03Z,git://github.com/eclipse/che.git,git@github.com:eclipse/che.git,https://github.com/eclipse/che.git,https://github.com/eclipse/che,http://eclipse.org/che,125066,6802,6802,TypeScript,True,True,True,True,False,False,1210,,False,False,395,"{'key': 'epl-2.0', 'name': 'Eclipse Public License 2.0', 'spdx_id': 'EPL-2.0', 'url': 'https://api.github.com/licenses/epl-2.0', 'node_id': 'MDc6TGljZW5zZTMy'}",True,False,False,"['cloud', 'cloud-ide', 'containers', 'devtools', 'eclipse', 'ide', 'kubernetes']",public,1210,395,6802,main,"{'admin': False, 'maintain': False, 'push': False, 'triage': False, 'pull': True}",1.0,"['TypeScript', 'Shell', 'Dockerfile']","[233922, 59726, 721]",EPL-2.0
1,23338323,MDEwOlJlcG9zaXRvcnkyMzMzODMyMw==,alda,alda-lang/alda,False,"{'login': 'alda-lang', 'id': 10534187, 'node_id': 'MDEyOk9yZ2FuaXphdGlvbjEwNTM0MTg3', 'avatar_url': 'https://avatars.githubusercontent.com/u/10534187?v=4', 'gravatar_id': '', 'url': 'https://api.github.com/users/alda-lang', 'html_url': 'https://github.com/alda-lang', 'followers_url': 'https://api.github.com/users/alda-lang/followers', 'following_url': 'https://api.github.com/users/alda-lang/following{/other_user}', 'gists_url': 'https://api.github.com/users/alda-lang/gists{/gist_id}', 'starred_url': 'https://api.github.com/users/alda-lang/starred{/owner}{/repo}', 'subscriptions_url': 'https://api.github.com/users/alda-lang/subscriptions', 'organizations_url': 'https://api.github.com/users/alda-lang/orgs', 'repos_url': 'https://api.github.com/users/alda-lang/repos', 'events_url': 'https://api.github.com/users/alda-lang/events{/privacy}', 'received_events_url': 'https://api.github.com/users/alda-lang/received_events', 'type': 'Organization', 'site_admin': False}",https://github.com/alda-lang/alda,A music programming language for musicians. :notes:,False,https://api.github.com/repos/alda-lang/alda,https://api.github.com/repos/alda-lang/alda/forks,https://api.github.com/repos/alda-lang/alda/keys{/key_id},https://api.github.com/repos/alda-lang/alda/collaborators{/collaborator},https://api.github.com/repos/alda-lang/alda/teams,https://api.github.com/repos/alda-lang/alda/hooks,https://api.github.com/repos/alda-lang/alda/issues/events{/number},https://api.github.com/repos/alda-lang/alda/events,https://api.github.com/repos/alda-lang/alda/assignees{/user},https://api.github.com/repos/alda-lang/alda/branches{/branch},https://api.github.com/repos/alda-lang/alda/tags,https://api.github.com/repos/alda-lang/alda/git/blobs{/sha},https://api.github.com/repos/alda-lang/alda/git/tags{/sha},https://api.github.com/repos/alda-lang/alda/git/refs{/sha},https://api.github.com/repos/alda-lang/alda/git/trees{/sha},https://api.github.com/repos/alda-lang/alda/statuses/{sha},https://api.github.com/repos/alda-lang/alda/languages,https://api.github.com/repos/alda-lang/alda/stargazers,https://api.github.com/repos/alda-lang/alda/contributors,https://api.github.com/repos/alda-lang/alda/subscribers,https://api.github.com/repos/alda-lang/alda/subscription,https://api.github.com/repos/alda-lang/alda/commits{/sha},https://api.github.com/repos/alda-lang/alda/git/commits{/sha},https://api.github.com/repos/alda-lang/alda/comments{/number},https://api.github.com/repos/alda-lang/alda/issues/comments{/number},https://api.github.com/repos/alda-lang/alda/contents/{+path},https://api.github.com/repos/alda-lang/alda/compare/{base}...{head},https://api.github.com/repos/alda-lang/alda/merges,https://api.github.com/repos/alda-lang/alda/{archive_format}{/ref},https://api.github.com/repos/alda-lang/alda/downloads,https://api.github.com/repos/alda-lang/alda/issues{/number},https://api.github.com/repos/alda-lang/alda/pulls{/number},https://api.github.com/repos/alda-lang/alda/milestones{/number},"https://api.github.com/repos/alda-lang/alda/notifications{?since,all,participating}",https://api.github.com/repos/alda-lang/alda/labels{/name},https://api.github.com/repos/alda-lang/alda/releases{/id},https://api.github.com/repos/alda-lang/alda/deployments,2014-08-26T04:07:53Z,2023-04-14T17:08:57Z,2023-04-06T14:12:40Z,git://github.com/alda-lang/alda.git,git@github.com:alda-lang/alda.git,https://github.com/alda-lang/alda.git,https://github.com/alda-lang/alda,https://alda.io,3440,5306,5306,Go,True,True,True,False,False,True,290,,False,False,13,"{'key': 'epl-2.0', 'name': 'Eclipse Public License 2.0', 'spdx_id': 'EPL-2.0', 'url': 'https://api.github.com/licenses/epl-2.0', 'node_id': 'MDc6TGljZW5zZTMy'}",True,False,False,"['alda', 'hacktoberfest', 'music', 'music-composition', 'music-programming', 'music-programming-language', 'programming-language']",public,290,13,5306,master,"{'admin': False, 'maintain': False, 'push': False, 'triage': False, 'pull': True}",1.0,"['Go', 'Kotlin', 'Shell']","[710689, 59298, 24486]",EPL-2.0
2,12983151,MDEwOlJlcG9zaXRvcnkxMjk4MzE1MQ==,openhab1-addons,openhab/openhab1-addons,False,"{'login': 'openhab', 'id': 1007353, 'node_id': 'MDEyOk9yZ2FuaXphdGlvbjEwMDczNTM=', 'avatar_url': 'https://avatars.githubusercontent.com/u/1007353?v=4', 'gravatar_id': '', 'url': 'https://api.github.com/users/openhab', 'html_url': 'https://github.com/openhab', 'followers_url': 'https://api.github.com/users/openhab/followers', 'following_url': 'https://api.github.com/users/openhab/following{/other_user}', 'gists_url': 'https://api.github.com/users/openhab/gists{/gist_id}', 'starred_url': 'https://api.github.com/users/openhab/starred{/owner}{/repo}', 'subscriptions_url': 'https://api.github.com/users/openhab/subscriptions', 'organizations_url': 'https://api.github.com/users/openhab/orgs', 'repos_url': 'https://api.github.com/users/openhab/repos', 'events_url': 'https://api.github.com/users/openhab/events{/privacy}', 'received_events_url': 'https://api.github.com/users/openhab/received_events', 'type': 'Organization', 'site_admin': False}",https://github.com/openhab/openhab1-addons,Add-ons for openHAB 1.x,False,https://api.github.com/repos/openhab/openhab1-addons,https://api.github.com/repos/openhab/openhab1-addons/forks,https://api.github.com/repos/openhab/openhab1-addons/keys{/key_id},https://api.github.com/repos/openhab/openhab1-addons/collaborators{/collaborator},https://api.github.com/repos/openhab/openhab1-addons/teams,https://api.github.com/repos/openhab/openhab1-addons/hooks,https://api.github.com/repos/openhab/openhab1-addons/issues/events{/number},https://api.github.com/repos/openhab/openhab1-addons/events,https://api.github.com/repos/openhab/openhab1-addons/assignees{/user},https://api.github.com/repos/openhab/openhab1-addons/branches{/branch},https://api.github.com/repos/openhab/openhab1-addons/tags,https://api.github.com/repos/openhab/openhab1-addons/git/blobs{/sha},https://api.github.com/repos/openhab/openhab1-addons/git/tags{/sha},https://api.github.com/repos/openhab/openhab1-addons/git/refs{/sha},https://api.github.com/repos/openhab/openhab1-addons/git/trees{/sha},https://api.github.com/repos/openhab/openhab1-addons/statuses/{sha},https://api.github.com/repos/openhab/openhab1-addons/languages,https://api.github.com/repos/openhab/openhab1-addons/stargazers,https://api.github.com/repos/openhab/openhab1-addons/contributors,https://api.github.com/repos/openhab/openhab1-addons/subscribers,https://api.github.com/repos/openhab/openhab1-addons/subscription,https://api.github.com/repos/openhab/openhab1-addons/commits{/sha},https://api.github.com/repos/openhab/openhab1-addons/git/commits{/sha},https://api.github.com/repos/openhab/openhab1-addons/comments{/number},https://api.github.com/repos/openhab/openhab1-addons/issues/comments{/number},https://api.github.com/repos/openhab/openhab1-addons/contents/{+path},https://api.github.com/repos/openhab/openhab1-addons/compare/{base}...{head},https://api.github.com/repos/openhab/openhab1-addons/merges,https://api.github.com/repos/openhab/openhab1-addons/{archive_format}{/ref},https://api.github.com/repos/openhab/openhab1-addons/downloads,https://api.github.com/repos/openhab/openhab1-addons/issues{/number},https://api.github.com/repos/openhab/openhab1-addons/pulls{/number},https://api.github.com/repos/openhab/openhab1-addons/milestones{/number},"https://api.github.com/repos/openhab/openhab1-addons/notifications{?since,all,participating}",https://api.github.com/repos/openhab/openhab1-addons/labels{/name},https://api.github.com/repos/openhab/openhab1-addons/releases{/id},https://api.github.com/repos/openhab/openhab1-addons/deployments,2013-09-20T20:28:43Z,2023-04-13T08:23:08Z,2021-01-18T20:08:08Z,git://github.com/openhab/openhab1-addons.git,git@github.com:openhab/openhab1-addons.git,https://github.com/openhab/openhab1-addons.git,https://github.com/openhab/openhab1-addons,,244412,3449,3449,Java,True,True,True,True,False,False,1751,,True,False,237,"{'key': 'epl-2.0', 'name': 'Eclipse Public License 2.0', 'spdx_id': 'EPL-2.0', 'url': 'https://api.github.com/licenses/epl-2.0', 'node_id': 'MDc6TGljZW5zZTMy'}",True,False,False,[],public,1751,237,3449,main,"{'admin': False, 'maintain': False, 'push': False, 'triage': False, 'pull': True}",1.0,"['Java', 'XSLT', 'HTML', 'C', 'C++', 'Python', 'Perl', 'Shell']","[25313862, 65599, 34906, 34774, 12050, 5718, 4181, 2867]",EPL-2.0
3,108592307,MDEwOlJlcG9zaXRvcnkxMDg1OTIzMDc=,sumo,eclipse/sumo,False,"{'login': 'eclipse', 'id': 56974, 'node_id': 'MDEyOk9yZ2FuaXphdGlvbjU2OTc0', 'avatar_url': 'https://avatars.githubusercontent.com/u/56974?v=4', 'gravatar_id': '', 'url': 'https://api.github.com/users/eclipse', 'html_url': 'https://github.com/eclipse', 'followers_url': 'https://api.github.com/users/eclipse/followers', 'following_url': 'https://api.github.com/users/eclipse/following{/other_user}', 'gists_url': 'https://api.github.com/users/eclipse/gists{/gist_id}', 'starred_url': 'https://api.github.com/users/eclipse/starred{/owner}{/repo}', 'subscriptions_url': 'https://api.github.com/users/eclipse/subscriptions', 'organizations_url': 'https://api.github.com/users/eclipse/orgs', 'repos_url': 'https://api.github.com/users/eclipse/repos', 'events_url': 'https://api.github.com/users/eclipse/events{/privacy}', 'received_events_url': 'https://api.github.com/users/eclipse/received_events', 'type': 'Organization', 'site_admin': False}",https://github.com/eclipse/sumo,"Eclipse SUMO is an open source, highly portable, microscopic and continuous traffic simulation package designed to handle large networks. It allows for intermodal simulation including pedestrians and comes with a large set of tools for scenario creation.",False,https://api.github.com/repos/eclipse/sumo,https://api.github.com/repos/eclipse/sumo/forks,https://api.github.com/repos/eclipse/sumo/keys{/key_id},https://api.github.com/repos/eclipse/sumo/collaborators{/collaborator},https://api.github.com/repos/eclipse/sumo/teams,https://api.github.com/repos/eclipse/sumo/hooks,https://api.github.com/repos/eclipse/sumo/issues/events{/number},https://api.github.com/repos/eclipse/sumo/events,https://api.github.com/repos/eclipse/sumo/assignees{/user},https://api.github.com/repos/eclipse/sumo/branches{/branch},https://api.github.com/repos/eclipse/sumo/tags,https://api.github.com/repos/eclipse/sumo/git/blobs{/sha},https://api.github.com/repos/eclipse/sumo/git/tags{/sha},https://api.github.com/repos/eclipse/sumo/git/refs{/sha},https://api.github.com/repos/eclipse/sumo/git/trees{/sha},https://api.github.com/repos/eclipse/sumo/statuses/{sha},https://api.github.com/repos/eclipse/sumo/languages,https://api.github.com/repos/eclipse/sumo/stargazers,https://api.github.com/repos/eclipse/sumo/contributors,https://api.github.com/repos/eclipse/sumo/subscribers,https://api.github.com/repos/eclipse/sumo/subscription,https://api.github.com/repos/eclipse/sumo/commits{/sha},https://api.github.com/repos/eclipse/sumo/git/commits{/sha},https://api.github.com/repos/eclipse/sumo/comments{/number},https://api.github.com/repos/eclipse/sumo/issues/comments{/number},https://api.github.com/repos/eclipse/sumo/contents/{+path},https://api.github.com/repos/eclipse/sumo/compare/{base}...{head},https://api.github.com/repos/eclipse/sumo/merges,https://api.github.com/repos/eclipse/sumo/{archive_format}{/ref},https://api.github.com/repos/eclipse/sumo/downloads,https://api.github.com/repos/eclipse/sumo/issues{/number},https://api.github.com/repos/eclipse/sumo/pulls{/number},https://api.github.com/repos/eclipse/sumo/milestones{/number},"https://api.github.com/repos/eclipse/sumo/notifications{?since,all,participating}",https://api.github.com/repos/eclipse/sumo/labels{/name},https://api.github.com/repos/eclipse/sumo/releases{/id},https://api.github.com/repos/eclipse/sumo/deployments,2017-10-27T20:23:17Z,2023-04-13T23:55:24Z,2023-04-14T16:20:08Z,git://github.com/eclipse/sumo.git,git@github.com:eclipse/sumo.git,https://github.com/eclipse/sumo.git,https://github.com/eclipse/sumo,https://eclipse.org/sumo,1066076,1857,1857,,True,False,True,False,False,False,1123,,False,False,2210,"{'key': 'epl-2.0', 'name': 'Eclipse Public License 2.0', 'spdx_id': 'EPL-2.0', 'url': 'https://api.github.com/licenses/epl-2.0', 'node_id': 'MDc6TGljZW5zZTMy'}",True,False,False,"['simulation', 'traffic', 'transport']",public,1123,2210,1857,main,"{'admin': False, 'maintain': False, 'push': False, 'triage': False, 'pull': True}",1.0,[],[],EPL-2.0
4,65561709,MDEwOlJlcG9zaXRvcnk2NTU2MTcwOQ==,vscode-java,redhat-developer/vscode-java,False,"{'login': 'redhat-developer', 'id': 11033755, 'node_id': 'MDEyOk9yZ2FuaXphdGlvbjExMDMzNzU1', 'avatar_url': 'https://avatars.githubusercontent.com/u/11033755?v=4', 'gravatar_id': '', 'url': 'https://api.github.com/users/redhat-developer', 'html_url': 'https://github.com/redhat-developer', 'followers_url': 'https://api.github.com/users/redhat-developer/followers', 'following_url': 'https://api.github.com/users/redhat-developer/following{/other_user}', 'gists_url': 'https://api.github.com/users/redhat-developer/gists{/gist_id}', 'starred_url': 'https://api.github.com/users/redhat-developer/starred{/owner}{/repo}', 'subscriptions_url': 'https://api.github.com/users/redhat-developer/subscriptions', 'organizations_url': 'https://api.github.com/users/redhat-developer/orgs', 'repos_url': 'https://api.github.com/users/redhat-developer/repos', 'events_url': 'https://api.github.com/users/redhat-developer/events{/privacy}', 'received_events_url': 'https://api.github.com/users/redhat-developer/received_events', 'type': 'Organization', 'site_admin': False}",https://github.com/redhat-developer/vscode-java,Java Language Support for Visual Studio Code,False,https://api.github.com/repos/redhat-developer/vscode-java,https://api.github.com/repos/redhat-developer/vscode-java/forks,https://api.github.com/repos/redhat-developer/vscode-java/keys{/key_id},https://api.github.com/repos/redhat-developer/vscode-java/collaborators{/collaborator},https://api.github.com/repos/redhat-developer/vscode-java/teams,https://api.github.com/repos/redhat-developer/vscode-java/hooks,https://api.github.com/repos/redhat-developer/vscode-java/issues/events{/number},https://api.github.com/repos/redhat-developer/vscode-java/events,https://api.github.com/repos/redhat-developer/vscode-java/assignees{/user},https://api.github.com/repos/redhat-developer/vscode-java/branches{/branch},https://api.github.com/repos/redhat-developer/vscode-java/tags,https://api.github.com/repos/redhat-developer/vscode-java/git/blobs{/sha},https://api.github.com/repos/redhat-developer/vscode-java/git/tags{/sha},https://api.github.com/repos/redhat-developer/vscode-java/git/refs{/sha},https://api.github.com/repos/redhat-developer/vscode-java/git/trees{/sha},https://api.github.com/repos/redhat-developer/vscode-java/statuses/{sha},https://api.github.com/repos/redhat-developer/vscode-java/languages,https://api.github.com/repos/redhat-developer/vscode-java/stargazers,https://api.github.com/repos/redhat-developer/vscode-java/contributors,https://api.github.com/repos/redhat-developer/vscode-java/subscribers,https://api.github.com/repos/redhat-developer/vscode-java/subscription,https://api.github.com/repos/redhat-developer/vscode-java/commits{/sha},https://api.github.com/repos/redhat-developer/vscode-java/git/commits{/sha},https://api.github.com/repos/redhat-developer/vscode-java/comments{/number},https://api.github.com/repos/redhat-developer/vscode-java/issues/comments{/number},https://api.github.com/repos/redhat-developer/vscode-java/contents/{+path},https://api.github.com/repos/redhat-developer/vscode-java/compare/{base}...{head},https://api.github.com/repos/redhat-developer/vscode-java/merges,https://api.github.com/repos/redhat-developer/vscode-java/{archive_format}{/ref},https://api.github.com/repos/redhat-developer/vscode-java/downloads,https://api.github.com/repos/redhat-developer/vscode-java/issues{/number},https://api.github.com/repos/redhat-developer/vscode-java/pulls{/number},https://api.github.com/repos/redhat-developer/vscode-java/milestones{/number},"https://api.github.com/repos/redhat-developer/vscode-java/notifications{?since,all,participating}",https://api.github.com/repos/redhat-developer/vscode-java/labels{/name},https://api.github.com/repos/redhat-developer/vscode-java/releases{/id},https://api.github.com/repos/redhat-developer/vscode-java/deployments,2016-08-12T15:02:43Z,2023-04-14T18:05:53Z,2023-04-14T15:40:31Z,git://github.com/redhat-developer/vscode-java.git,git@github.com:redhat-developer/vscode-java.git,https://github.com/redhat-developer/vscode-java.git,https://github.com/redhat-developer/vscode-java,,6625,1853,1853,TypeScript,True,True,True,True,False,True,385,,False,False,790,"{'key': 'epl-2.0', 'name': 'Eclipse Public License 2.0', 'spdx_id': 'EPL-2.0', 'url': 'https://api.github.com/licenses/epl-2.0', 'node_id': 'MDc6TGljZW5zZTMy'}",True,False,False,"['java', 'language-server', 'vscode-extension']",public,385,790,1853,master,"{'admin': False, 'maintain': False, 'push': False, 'triage': False, 'pull': True}",1.0,"['TypeScript', 'CSS', 'JavaScript', 'Java']","[400372, 11329, 10693, 4123]",EPL-2.0
5,19753195,MDEwOlJlcG9zaXRvcnkxOTc1MzE5NQ==,openhab-addons,openhab/openhab-addons,False,"{'login': 'openhab', 'id': 1007353, 'node_id': 'MDEyOk9yZ2FuaXphdGlvbjEwMDczNTM=', 'avatar_url': 'https://avatars.githubusercontent.com/u/1007353?v=4', 'gravatar_id': '', 'url': 'https://api.github.com/users/openhab', 'html_url': 'https://github.com/openhab', 'followers_url': 'https://api.github.com/users/openhab/followers', 'following_url': 'https://api.github.com/users/openhab/following{/other_user}', 'gists_url': 'https://api.github.com/users/openhab/gists{/gist_id}', 'starred_url': 'https://api.github.com/users/openhab/starred{/owner}{/repo}', 'subscriptions_url': 'https://api.github.com/users/openhab/subscriptions', 'organizations_url': 'https://api.github.com/users/openhab/orgs', 'repos_url': 'https://api.github.com/users/openhab/repos', 'events_url': 'https://api.github.com/users/openhab/events{/privacy}', 'received_events_url': 'https://api.github.com/users/openhab/received_events', 'type': 'Organization', 'site_admin': False}",https://github.com/openhab/openhab-addons,Add-ons for openHAB,False,https://api.github.com/repos/openhab/openhab-addons,https://api.github.com/repos/openhab/openhab-addons/forks,https://api.github.com/repos/openhab/openhab-addons/keys{/key_id},https://api.github.com/repos/openhab/openhab-addons/collaborators{/collaborator},https://api.github.com/repos/openhab/openhab-addons/teams,https://api.github.com/repos/openhab/openhab-addons/hooks,https://api.github.com/repos/openhab/openhab-addons/issues/events{/number},https://api.github.com/repos/openhab/openhab-addons/events,https://api.github.com/repos/openhab/openhab-addons/assignees{/user},https://api.github.com/repos/openhab/openhab-addons/branches{/branch},https://api.github.com/repos/openhab/openhab-addons/tags,https://api.github.com/repos/openhab/openhab-addons/git/blobs{/sha},https://api.github.com/repos/openhab/openhab-addons/git/tags{/sha},https://api.github.com/repos/openhab/openhab-addons/git/refs{/sha},https://api.github.com/repos/openhab/openhab-addons/git/trees{/sha},https://api.github.com/repos/openhab/openhab-addons/statuses/{sha},https://api.github.com/repos/openhab/openhab-addons/languages,https://api.github.com/repos/openhab/openhab-addons/stargazers,https://api.github.com/repos/openhab/openhab-addons/contributors,https://api.github.com/repos/openhab/openhab-addons/subscribers,https://api.github.com/repos/openhab/openhab-addons/subscription,https://api.github.com/repos/openhab/openhab-addons/commits{/sha},https://api.github.com/repos/openhab/openhab-addons/git/commits{/sha},https://api.github.com/repos/openhab/openhab-addons/comments{/number},https://api.github.com/repos/openhab/openhab-addons/issues/comments{/number},https://api.github.com/repos/openhab/openhab-addons/contents/{+path},https://api.github.com/repos/openhab/openhab-addons/compare/{base}...{head},https://api.github.com/repos/openhab/openhab-addons/merges,https://api.github.com/repos/openhab/openhab-addons/{archive_format}{/ref},https://api.github.com/repos/openhab/openhab-addons/downloads,https://api.github.com/repos/openhab/openhab-addons/issues{/number},https://api.github.com/repos/openhab/openhab-addons/pulls{/number},https://api.github.com/repos/openhab/openhab-addons/milestones{/number},"https://api.github.com/repos/openhab/openhab-addons/notifications{?since,all,participating}",https://api.github.com/repos/openhab/openhab-addons/labels{/name},https://api.github.com/repos/openhab/openhab-addons/releases{/id},https://api.github.com/repos/openhab/openhab-addons/deployments,2014-05-13T19:41:58Z,2023-04-14T11:42:20Z,2023-04-14T19:56:42Z,git://github.com/openhab/openhab-addons.git,git@github.com:openhab/openhab-addons.git,https://github.com/openhab/openhab-addons.git,https://github.com/openhab/openhab-addons,https://www.openhab.org/,323205,1753,1753,Java,True,False,True,True,False,True,3381,,False,False,689,"{'key': 'epl-2.0', 'name': 'Eclipse Public License 2.0', 'spdx_id': 'EPL-2.0', 'url': 'https://api.github.com/licenses/epl-2.0', 'node_id': 'MDc6TGljZW5zZTMy'}",True,False,False,"['add-ons', 'java', 'openhab']",public,3381,689,1753,main,"{'admin': False, 'maintain': False, 'push': False, 'triage': False, 'pull': True}",1.0,"['Java', 'JavaScript', 'CSS', 'HTML', 'Groovy', 'C++', 'C', 'Awk', 'XSLT', 'Shell', 'Batchfile']","[52320104, 551206, 421234, 133410, 38992, 30357, 18582, 9404, 5698, 1702, 1466]",EPL-2.0
6,46148169,MDEwOlJlcG9zaXRvcnk0NjE0ODE2OQ==,junit5-samples,junit-team/junit5-samples,False,"{'login': 'junit-team', 'id': 874086, 'node_id': 'MDEyOk9yZ2FuaXphdGlvbjg3NDA4Ng==', 'avatar_url': 'https://avatars.githubusercontent.com/u/874086?v=4', 'gravatar_id': '', 'url': 'https://api.github.com/users/junit-team', 'html_url': 'https://github.com/junit-team', 'followers_url': 'https://api.github.com/users/junit-team/followers', 'following_url': 'https://api.github.com/users/junit-team/following{/other_user}', 'gists_url': 'https://api.github.com/users/junit-team/gists{/gist_id}', 'starred_url': 'https://api.github.com/users/junit-team/starred{/owner}{/repo}', 'subscriptions_url': 'https://api.github.com/users/junit-team/subscriptions', 'organizations_url': 'https://api.github.com/users/junit-team/orgs', 'repos_url': 'https://api.github.com/users/junit-team/repos', 'events_url': 'https://api.github.com/users/junit-team/events{/privacy}', 'received_events_url': 'https://api.github.com/users/junit-team/received_events', 'type': 'Organization', 'site_admin': False}",https://github.com/junit-team/junit5-samples,Collection of sample applications using JUnit 5.,False,https://api.github.com/repos/junit-team/junit5-samples,https://api.github.com/repos/junit-team/junit5-samples/forks,https://api.github.com/repos/junit-team/junit5-samples/keys{/key_id},https://api.github.com/repos/junit-team/junit5-samples/collaborators{/collaborator},https://api.github.com/repos/junit-team/junit5-samples/teams,https://api.github.com/repos/junit-team/junit5-samples/hooks,https://api.github.com/repos/junit-team/junit5-samples/issues/events{/number},https://api.github.com/repos/junit-team/junit5-samples/events,https://api.github.com/repos/junit-team/junit5-samples/assignees{/user},https://api.github.com/repos/junit-team/junit5-samples/branches{/branch},https://api.github.com/repos/junit-team/junit5-samples/tags,https://api.github.com/repos/junit-team/junit5-samples/git/blobs{/sha},https://api.github.com/repos/junit-team/junit5-samples/git/tags{/sha},https://api.github.com/repos/junit-team/junit5-samples/git/refs{/sha},https://api.github.com/repos/junit-team/junit5-samples/git/trees{/sha},https://api.github.com/repos/junit-team/junit5-samples/statuses/{sha},https://api.github.com/repos/junit-team/junit5-samples/languages,https://api.github.com/repos/junit-team/junit5-samples/stargazers,https://api.github.com/repos/junit-team/junit5-samples/contributors,https://api.github.com/repos/junit-team/junit5-samples/subscribers,https://api.github.com/repos/junit-team/junit5-samples/subscription,https://api.github.com/repos/junit-team/junit5-samples/commits{/sha},https://api.github.com/repos/junit-team/junit5-samples/git/commits{/sha},https://api.github.com/repos/junit-team/junit5-samples/comments{/number},https://api.github.com/repos/junit-team/junit5-samples/issues/comments{/number},https://api.github.com/repos/junit-team/junit5-samples/contents/{+path},https://api.github.com/repos/junit-team/junit5-samples/compare/{base}...{head},https://api.github.com/repos/junit-team/junit5-samples/merges,https://api.github.com/repos/junit-team/junit5-samples/{archive_format}{/ref},https://api.github.com/repos/junit-team/junit5-samples/downloads,https://api.github.com/repos/junit-team/junit5-samples/issues{/number},https://api.github.com/repos/junit-team/junit5-samples/pulls{/number},https://api.github.com/repos/junit-team/junit5-samples/milestones{/number},"https://api.github.com/repos/junit-team/junit5-samples/notifications{?since,all,participating}",https://api.github.com/repos/junit-team/junit5-samples/labels{/name},https://api.github.com/repos/junit-team/junit5-samples/releases{/id},https://api.github.com/repos/junit-team/junit5-samples/deployments,2015-11-13T21:28:16Z,2023-04-13T18:58:06Z,2023-03-20T04:49:53Z,git://github.com/junit-team/junit5-samples.git,git@github.com:junit-team/junit5-samples.git,https://github.com/junit-team/junit5-samples.git,https://github.com/junit-team/junit5-samples,,1511,1425,1425,Java,True,True,True,False,False,False,1349,,False,False,16,"{'key': 'epl-2.0', 'name': 'Eclipse Public License 2.0', 'spdx_id': 'EPL-2.0', 'url': 'https://api.github.com/licenses/epl-2.0', 'node_id': 'MDc6TGljZW5zZTMy'}",True,False,False,[],public,1349,16,1425,main,"{'admin': False, 'maintain': False, 'push': False, 'triage': False, 'pull': True}",1.0,"['Java', 'Kotlin', 'Starlark', 'Scala', 'Groovy', 'Shell']","[56330, 8389, 2483, 2102, 1717, 750]",EPL-2.0
7,144405210,MDEwOlJlcG9zaXRvcnkxNDQ0MDUyMTA=,see,myide/see,False,"{'login': 'myide', 'id': 8575341, 'node_id': 'MDQ6VXNlcjg1NzUzNDE=', 'avatar_url': 'https://avatars.githubusercontent.com/u/8575341?v=4', 'gravatar_id': '', 'url': 'https://api.github.com/users/myide', 'html_url': 'https://github.com/myide', 'followers_url': 'https://api.github.com/users/myide/followers', 'following_url': 'https://api.github.com/users/myide/following{/other_user}', 'gists_url': 'https://api.github.com/users/myide/gists{/gist_id}', 'starred_url': 'https://api.github.com/users/myide/starred{/owner}{/repo}', 'subscriptions_url': 'https://api.github.com/users/myide/subscriptions', 'organizations_url': 'https://api.github.com/users/myide/orgs', 'repos_url': 'https://api.github.com/users/myide/repos', 'events_url': 'https://api.github.com/users/myide/events{/privacy}', 'received_events_url': 'https://api.github.com/users/myide/received_events', 'type': 'User', 'site_admin': False}",https://github.com/myide/see,基于开源组件（Inception & SQLAdvisor & SOAR）的SQL审核&SQL优化的Web平台,False,https://api.github.com/repos/myide/see,https://api.github.com/repos/myide/see/forks,https://api.github.com/repos/myide/see/keys{/key_id},https://api.github.com/repos/myide/see/collaborators{/collaborator},https://api.github.com/repos/myide/see/teams,https://api.github.com/repos/myide/see/hooks,https://api.github.com/repos/myide/see/issues/events{/number},https://api.github.com/repos/myide/see/events,https://api.github.com/repos/myide/see/assignees{/user},https://api.github.com/repos/myide/see/branches{/branch},https://api.github.com/repos/myide/see/tags,https://api.github.com/repos/myide/see/git/blobs{/sha},https://api.github.com/repos/myide/see/git/tags{/sha},https://api.github.com/repos/myide/see/git/refs{/sha},https://api.github.com/repos/myide/see/git/trees{/sha},https://api.github.com/repos/myide/see/statuses/{sha},https://api.github.com/repos/myide/see/languages,https://api.github.com/repos/myide/see/stargazers,https://api.github.com/repos/myide/see/contributors,https://api.github.com/repos/myide/see/subscribers,https://api.github.com/repos/myide/see/subscription,https://api.github.com/repos/myide/see/commits{/sha},https://api.github.com/repos/myide/see/git/commits{/sha},https://api.github.com/repos/myide/see/comments{/number},https://api.github.com/repos/myide/see/issues/comments{/number},https://api.github.com/repos/myide/see/contents/{+path},https://api.github.com/repos/myide/see/compare/{base}...{head},https://api.github.com/repos/myide/see/merges,https://api.github.com/repos/myide/see/{archive_format}{/ref},https://api.github.com/repos/myide/see/downloads,https://api.github.com/repos/myide/see/issues{/number},https://api.github.com/repos/myide/see/pulls{/number},https://api.github.com/repos/myide/see/milestones{/number},"https://api.github.com/repos/myide/see/notifications{?since,all,participating}",https://api.github.com/repos/myide/see/labels{/name},https://api.github.com/repos/myide/see/releases{/id},https://api.github.com/repos/myide/see/deployments,2018-08-11T17:28:30Z,2023-04-12T08:40:58Z,2022-12-09T00:00:37Z,git://github.com/myide/see.git,git@github.com:myide/see.git,https://github.com/myide/see.git,https://github.com/myide/see,,49202,1404,1404,Vue,True,True,True,True,False,False,589,,False,False,43,"{'key': 'epl-2.0', 'name': 'Eclipse Public License 2.0', 'spdx_id': 'EPL-2.0', 'url': 'https://api.github.com/licenses/epl-2.0', 'node_id': 'MDc6TGljZW5zZTMy'}",True,False,False,"['django', 'inception', 'mysql', 'soar', 'sqladvisor', 'vue']",public,589,43,1404,master,"{'admin': False, 'maintain': False, 'push': False, 'triage': False, 'pull': True}",1.0,"['Vue', 'Python', 'CSS', 'HTML']","[2812854, 126056, 27437, 1849]",EPL-2.0
8,62056780,MDEwOlJlcG9zaXRvcnk2MjA1Njc4MA==,eclipse.jdt.ls,eclipse/eclipse.jdt.ls,False,"{'login': 'eclipse', 'id': 56974, 'node_id': 'MDEyOk9yZ2FuaXphdGlvbjU2OTc0', 'avatar_url': 'https://avatars.githubusercontent.com/u/56974?v=4', 'gravatar_id': '', 'url': 'https://api.github.com/users/eclipse', 'html_url': 'https://github.com/eclipse', 'followers_url': 'https://api.github.com/users/eclipse/followers', 'following_url': 'https://api.github.com/users/eclipse/following{/other_user}', 'gists_url': 'https://api.github.com/users/eclipse/gists{/gist_id}', 'starred_url': 'https://api.github.com/users/eclipse/starred{/owner}{/repo}', 'subscriptions_url': 'https://api.github.com/users/eclipse/subscriptions', 'organizations_url': 'https://api.github.com/users/eclipse/orgs', 'repos_url': 'https://api.github.com/users/eclipse/repos', 'events_url': 'https://api.github.com/users/eclipse/events{/privacy}', 'received_events_url': 'https://api.github.com/users/eclipse/received_events', 'type': 'Organization', 'site_admin': False}",https://github.com/eclipse/eclipse.jdt.ls,Java language server,False,https://api.github.com/repos/eclipse/eclipse.jdt.ls,https://api.github.com/repos/eclipse/eclipse.jdt.ls/forks,https://api.github.com/repos/eclipse/eclipse.jdt.ls/keys{/key_id},https://api.github.com/repos/eclipse/eclipse.jdt.ls/collaborators{/collaborator},https://api.github.com/repos/eclipse/eclipse.jdt.ls/teams,https://api.github.com/repos/eclipse/eclipse.jdt.ls/hooks,https://api.github.com/repos/eclipse/eclipse.jdt.ls/issues/events{/number},https://api.github.com/repos/eclipse/eclipse.jdt.ls/events,https://api.github.com/repos/eclipse/eclipse.jdt.ls/assignees{/user},https://api.github.com/repos/eclipse/eclipse.jdt.ls/branches{/branch},https://api.github.com/repos/eclipse/eclipse.jdt.ls/tags,https://api.github.com/repos/eclipse/eclipse.jdt.ls/git/blobs{/sha},https://api.github.com/repos/eclipse/eclipse.jdt.ls/git/tags{/sha},https://api.github.com/repos/eclipse/eclipse.jdt.ls/git/refs{/sha},https://api.github.com/repos/eclipse/eclipse.jdt.ls/git/trees{/sha},https://api.github.com/repos/eclipse/eclipse.jdt.ls/statuses/{sha},https://api.github.com/repos/eclipse/eclipse.jdt.ls/languages,https://api.github.com/repos/eclipse/eclipse.jdt.ls/stargazers,https://api.github.com/repos/eclipse/eclipse.jdt.ls/contributors,https://api.github.com/repos/eclipse/eclipse.jdt.ls/subscribers,https://api.github.com/repos/eclipse/eclipse.jdt.ls/subscription,https://api.github.com/repos/eclipse/eclipse.jdt.ls/commits{/sha},https://api.github.com/repos/eclipse/eclipse.jdt.ls/git/commits{/sha},https://api.github.com/repos/eclipse/eclipse.jdt.ls/comments{/number},https://api.github.com/repos/eclipse/eclipse.jdt.ls/issues/comments{/number},https://api.github.com/repos/eclipse/eclipse.jdt.ls/contents/{+path},https://api.github.com/repos/eclipse/eclipse.jdt.ls/compare/{base}...{head},https://api.github.com/repos/eclipse/eclipse.jdt.ls/merges,https://api.github.com/repos/eclipse/eclipse.jdt.ls/{archive_format}{/ref},https://api.github.com/repos/eclipse/eclipse.jdt.ls/downloads,https://api.github.com/repos/eclipse/eclipse.jdt.ls/issues{/number},https://api.github.com/repos/eclipse/eclipse.jdt.ls/pulls{/number},https://api.github.com/repos/eclipse/eclipse.jdt.ls/milestones{/number},"https://api.github.com/repos/eclipse/eclipse.jdt.ls/notifications{?since,all,participating}",https://api.github.com/repos/eclipse/eclipse.jdt.ls/labels{/name},https://api.github.com/repos/eclipse/eclipse.jdt.ls/releases{/id},https://api.github.com/repos/eclipse/eclipse.jdt.ls/deployments,2016-06-27T13:06:53Z,2023-04-14T06:27:56Z,2023-04-14T15:26:20Z,git://github.com/eclipse/eclipse.jdt.ls.git,git@github.com:eclipse/eclipse.jdt.ls.git,https://github.com/eclipse/eclipse.jdt.ls.git,https://github.com/eclipse/eclipse.jdt.ls,,17130,1397,1397,Java,True,True,True,True,False,True,345,,False,False,325,"{'key': 'epl-2.0', 'name': 'Eclipse Public License 2.0', 'spdx_id': 'EPL-2.0', 'url': 'https://api.github.com/licenses/epl-2.0', 'node_id': 'MDc6TGljZW5zZTMy'}",True,False,False,"['eclipse', 'java', 'language-server-protocol']",public,345,325,1397,master,"{'admin': False, 'maintain': False, 'push': False, 'triage': False, 'pull': True}",1.0,"['Java', 'HTML', 'CSS', 'JavaScript', 'Python', 'Kotlin']","[7487247, 85839, 21802, 19309, 4114, 1535]",EPL-2.0
9,15503123,MDEwOlJlcG9zaXRvcnkxNTUwMzEyMw==,asyncssh,ronf/asyncssh,False,"{'login': 'ronf', 'id': 1901085, 'node_id': 'MDQ6VXNlcjE5MDEwODU=', 'avatar_url': 'https://avatars.githubusercontent.com/u/1901085?v=4', 'gravatar_id': '', 'url': 'https://api.github.com/users/ronf', 'html_url': 'https://github.com/ronf', 'followers_url': 'https://api.github.com/users/ronf/followers', 'following_url': 'https://api.github.com/users/ronf/following{/other_user}', 'gists_url': 'https://api.github.com/users/ronf/gists{/gist_id}', 'starred_url': 'https://api.github.com/users/ronf/starred{/owner}{/repo}', 'subscriptions_url': 'https://api.github.com/users/ronf/subscriptions', 'organizations_url': 'https://api.github.com/users/ronf/orgs', 'repos_url': 'https://api.github.com/users/ronf/repos', 'events_url': 'https://api.github.com/users/ronf/events{/privacy}', 'received_events_url': 'https://api.github.com/users/ronf/received_events', 'type': 'User', 'site_admin': False}",https://github.com/ronf/asyncssh,AsyncSSH is a Python package which provides an asynchronous client and server implementation of the SSHv2 protocol on top of the Python asyncio framework.,False,https://api.github.com/repos/ronf/asyncssh,https://api.github.com/repos/ronf/asyncssh/forks,https://api.github.com/repos/ronf/asyncssh/keys{/key_id},https://api.github.com/repos/ronf/asyncssh/collaborators{/collaborator},https://api.github.com/repos/ronf/asyncssh/teams,https://api.github.com/repos/ronf/asyncssh/hooks,https://api.github.com/repos/ronf/asyncssh/issues/events{/number},https://api.github.com/repos/ronf/asyncssh/events,https://api.github.com/repos/ronf/asyncssh/assignees{/user},https://api.github.com/repos/ronf/asyncssh/branches{/branch},https://api.github.com/repos/ronf/asyncssh/tags,https://api.github.com/repos/ronf/asyncssh/git/blobs{/sha},https://api.github.com/repos/ronf/asyncssh/git/tags{/sha},https://api.github.com/repos/ronf/asyncssh/git/refs{/sha},https://api.github.com/repos/ronf/asyncssh/git/trees{/sha},https://api.github.com/repos/ronf/asyncssh/statuses/{sha},https://api.github.com/repos/ronf/asyncssh/languages,https://api.github.com/repos/ronf/asyncssh/stargazers,https://api.github.com/repos/ronf/asyncssh/contributors,https://api.github.com/repos/ronf/asyncssh/subscribers,https://api.github.com/repos/ronf/asyncssh/subscription,https://api.github.com/repos/ronf/asyncssh/commits{/sha},https://api.github.com/repos/ronf/asyncssh/git/commits{/sha},https://api.github.com/repos/ronf/asyncssh/comments{/number},https://api.github.com/repos/ronf/asyncssh/issues/comments{/number},https://api.github.com/repos/ronf/asyncssh/contents/{+path},https://api.github.com/repos/ronf/asyncssh/compare/{base}...{head},https://api.github.com/repos/ronf/asyncssh/merges,https://api.github.com/repos/ronf/asyncssh/{archive_format}{/ref},https://api.github.com/repos/ronf/asyncssh/downloads,https://api.github.com/repos/ronf/asyncssh/issues{/number},https://api.github.com/repos/ronf/asyncssh/pulls{/number},https://api.github.com/repos/ronf/asyncssh/milestones{/number},"https://api.github.com/repos/ronf/asyncssh/notifications{?since,all,participating}",https://api.github.com/repos/ronf/asyncssh/labels{/name},https://api.github.com/repos/ronf/asyncssh/releases{/id},https://api.github.com/repos/ronf/asyncssh/deployments,2013-12-29T03:44:51Z,2023-04-13T01:32:13Z,2023-03-27T23:29:45Z,git://github.com/ronf/asyncssh.git,git@github.com:ronf/asyncssh.git,https://github.com/ronf/asyncssh.git,https://github.com/ronf/asyncssh,,5482,1331,1331,Python,True,True,True,True,False,True,140,,False,False,17,"{'key': 'epl-2.0', 'name': 'Eclipse Public License 2.0', 'spdx_id': 'EPL-2.0', 'url': 'https://api.github.com/licenses/epl-2.0', 'node_id': 'MDc6TGljZW5zZTMy'}",True,False,False,[],public,140,17,1331,develop,"{'admin': False, 'maintain': False, 'push': False, 'triage': False, 'pull': True}",1.0,['Python'],[2451445],EPL-2.0
10,48767955,MDEwOlJlcG9zaXRvcnk0ODc2Nzk1NQ==,openhab-distro,openhab/openhab-distro,False,"{'login': 'openhab', 'id': 1007353, 'node_id': 'MDEyOk9yZ2FuaXphdGlvbjEwMDczNTM=', 'avatar_url': 'https://avatars.githubusercontent.com/u/1007353?v=4', 'gravatar_id': '', 'url': 'https://api.github.com/users/openhab', 'html_url': 'https://github.com/openhab', 'followers_url': 'https://api.github.com/users/openhab/followers', 'following_url': 'https://api.github.com/users/openhab/following{/other_user}', 'gists_url': 'https://api.github.com/users/openhab/gists{/gist_id}', 'starred_url': 'https://api.github.com/users/openhab/starred{/owner}{/repo}', 'subscriptions_url': 'https://api.github.com/users/openhab/subscriptions', 'organizations_url': 'https://api.github.com/users/openhab/orgs', 'repos_url': 'https://api.github.com/users/openhab/repos', 'events_url': 'https://api.github.com/users/openhab/events{/privacy}', 'received_events_url': 'https://api.github.com/users/openhab/received_events', 'type': 'Organization', 'site_admin': False}",https://github.com/openhab/openhab-distro,The binary distribution of openHAB,False,https://api.github.com/repos/openhab/openhab-distro,https://api.github.com/repos/openhab/openhab-distro/forks,https://api.github.com/repos/openhab/openhab-distro/keys{/key_id},https://api.github.com/repos/openhab/openhab-distro/collaborators{/collaborator},https://api.github.com/repos/openhab/openhab-distro/teams,https://api.github.com/repos/openhab/openhab-distro/hooks,https://api.github.com/repos/openhab/openhab-distro/issues/events{/number},https://api.github.com/repos/openhab/openhab-distro/events,https://api.github.com/repos/openhab/openhab-distro/assignees{/user},https://api.github.com/repos/openhab/openhab-distro/branches{/branch},https://api.github.com/repos/openhab/openhab-distro/tags,https://api.github.com/repos/openhab/openhab-distro/git/blobs{/sha},https://api.github.com/repos/openhab/openhab-distro/git/tags{/sha},https://api.github.com/repos/openhab/openhab-distro/git/refs{/sha},https://api.github.com/repos/openhab/openhab-distro/git/trees{/sha},https://api.github.com/repos/openhab/openhab-distro/statuses/{sha},https://api.github.com/repos/openhab/openhab-distro/languages,https://api.github.com/repos/openhab/openhab-distro/stargazers,https://api.github.com/repos/openhab/openhab-distro/contributors,https://api.github.com/repos/openhab/openhab-distro/subscribers,https://api.github.com/repos/openhab/openhab-distro/subscription,https://api.github.com/repos/openhab/openhab-distro/commits{/sha},https://api.github.com/repos/openhab/openhab-distro/git/commits{/sha},https://api.github.com/repos/openhab/openhab-distro/comments{/number},https://api.github.com/repos/openhab/openhab-distro/issues/comments{/number},https://api.github.com/repos/openhab/openhab-distro/contents/{+path},https://api.github.com/repos/openhab/openhab-distro/compare/{base}...{head},https://api.github.com/repos/openhab/openhab-distro/merges,https://api.github.com/repos/openhab/openhab-distro/{archive_format}{/ref},https://api.github.com/repos/openhab/openhab-distro/downloads,https://api.github.com/repos/openhab/openhab-distro/issues{/number},https://api.github.com/repos/openhab/openhab-distro/pulls{/number},https://api.github.com/repos/openhab/openhab-distro/milestones{/number},"https://api.github.com/repos/openhab/openhab-distro/notifications{?since,all,participating}",https://api.github.com/repos/openhab/openhab-distro/labels{/name},https://api.github.com/repos/openhab/openhab-distro/releases{/id},https://api.github.com/repos/openhab/openhab-distro/deployments,2015-12-29T21:30:04Z,2023-04-13T05:45:24Z,2023-04-14T09:12:15Z,git://github.com/openhab/openhab-distro.git,git@github.com:openhab/openhab-distro.git,https://github.com/openhab/openhab-distro.git,https://github.com/openhab/openhab-distro,https://www.openhab.org/,2611,1228,1228,PowerShell,True,False,True,True,False,True,389,,False,False,68,"{'key': 'epl-2.0', 'name': 'Eclipse Public License 2.0', 'spdx_id': 'EPL-2.0', 'url': 'https://api.github.com/licenses/epl-2.0', 'node_id': 'MDc6TGljZW5zZTMy'}",True,False,False,"['homeautomation', 'java', 'openhab', 'smarthome']",public,389,68,1228,main,"{'admin': False, 'maintain': False, 'push': False, 'triage': False, 'pull': True}",1.0,"['PowerShell', 'Shell', 'Batchfile', 'Xtend', 'Python', 'JavaScript', 'HTML']","[64795, 48323, 29709, 26711, 628, 558, 451]",EPL-2.0
11,187269923,MDEwOlJlcG9zaXRvcnkxODcyNjk5MjM=,malli,metosin/malli,False,"{'login': 'metosin', 'id': 1569418, 'node_id': 'MDEyOk9yZ2FuaXphdGlvbjE1Njk0MTg=', 'avatar_url': 'https://avatars.githubusercontent.com/u/1569418?v=4', 'gravatar_id': '', 'url': 'https://api.github.com/users/metosin', 'html_url': 'https://github.com/metosin', 'followers_url': 'https://api.github.com/users/metosin/followers', 'following_url': 'https://api.github.com/users/metosin/following{/other_user}', 'gists_url': 'https://api.github.com/users/metosin/gists{/gist_id}', 'starred_url': 'https://api.github.com/users/metosin/starred{/owner}{/repo}', 'subscriptions_url': 'https://api.github.com/users/metosin/subscriptions', 'organizations_url': 'https://api.github.com/users/metosin/orgs', 'repos_url': 'https://api.github.com/users/metosin/repos', 'events_url': 'https://api.github.com/users/metosin/events{/privacy}', 'received_events_url': 'https://api.github.com/users/metosin/received_events', 'type': 'Organization', 'site_admin': False}",https://github.com/metosin/malli,High-performance Data-Driven Data Specification Library for Clojure/Script.,False,https://api.github.com/repos/metosin/malli,https://api.github.com/repos/metosin/malli/forks,https://api.github.com/repos/metosin/malli/keys{/key_id},https://api.github.com/repos/metosin/malli/collaborators{/collaborator},https://api.github.com/repos/metosin/malli/teams,https://api.github.com/repos/metosin/malli/hooks,https://api.github.com/repos/metosin/malli/issues/events{/number},https://api.github.com/repos/metosin/malli/events,https://api.github.com/repos/metosin/malli/assignees{/user},https://api.github.com/repos/metosin/malli/branches{/branch},https://api.github.com/repos/metosin/malli/tags,https://api.github.com/repos/metosin/malli/git/blobs{/sha},https://api.github.com/repos/metosin/malli/git/tags{/sha},https://api.github.com/repos/metosin/malli/git/refs{/sha},https://api.github.com/repos/metosin/malli/git/trees{/sha},https://api.github.com/repos/metosin/malli/statuses/{sha},https://api.github.com/repos/metosin/malli/languages,https://api.github.com/repos/metosin/malli/stargazers,https://api.github.com/repos/metosin/malli/contributors,https://api.github.com/repos/metosin/malli/subscribers,https://api.github.com/repos/metosin/malli/subscription,https://api.github.com/repos/metosin/malli/commits{/sha},https://api.github.com/repos/metosin/malli/git/commits{/sha},https://api.github.com/repos/metosin/malli/comments{/number},https://api.github.com/repos/metosin/malli/issues/comments{/number},https://api.github.com/repos/metosin/malli/contents/{+path},https://api.github.com/repos/metosin/malli/compare/{base}...{head},https://api.github.com/repos/metosin/malli/merges,https://api.github.com/repos/metosin/malli/{archive_format}{/ref},https://api.github.com/repos/metosin/malli/downloads,https://api.github.com/repos/metosin/malli/issues{/number},https://api.github.com/repos/metosin/malli/pulls{/number},https://api.github.com/repos/metosin/malli/milestones{/number},"https://api.github.com/repos/metosin/malli/notifications{?since,all,participating}",https://api.github.com/repos/metosin/malli/labels{/name},https://api.github.com/repos/metosin/malli/releases{/id},https://api.github.com/repos/metosin/malli/deployments,2019-05-17T19:21:51Z,2023-04-13T16:24:15Z,2023-04-13T03:39:07Z,git://github.com/metosin/malli.git,git@github.com:metosin/malli.git,https://github.com/metosin/malli.git,https://github.com/metosin/malli,,6804,1221,1221,Clojure,True,True,True,True,False,True,173,,False,False,141,"{'key': 'epl-2.0', 'name': 'Eclipse Public License 2.0', 'spdx_id': 'EPL-2.0', 'url': 'https://api.github.com/licenses/epl-2.0', 'node_id': 'MDc6TGljZW5zZTMy'}",True,False,False,"['clojure', 'clojurescript', 'coercion', 'error-messages', 'generators', 'inferring-schemas', 'json-schema', 'metosin-active', 'modelling', 'transformation', 'validation', 'visualizing-schemas']",public,173,141,1221,master,"{'admin': False, 'maintain': False, 'push': False, 'triage': False, 'pull': True}",1.0,"['Clojure', 'Shell', 'HTML']","[830753, 1721, 249]",EPL-2.0
12,103694377,MDEwOlJlcG9zaXRvcnkxMDM2OTQzNzc=,open-liberty,OpenLiberty/open-liberty,False,"{'login': 'OpenLiberty', 'id': 28316667, 'node_id': 'MDEyOk9yZ2FuaXphdGlvbjI4MzE2NjY3', 'avatar_url': 'https://avatars.githubusercontent.com/u/28316667?v=4', 'gravatar_id': '', 'url': 'https://api.github.com/users/OpenLiberty', 'html_url': 'https://github.com/OpenLiberty', 'followers_url': 'https://api.github.com/users/OpenLiberty/followers', 'following_url': 'https://api.github.com/users/OpenLiberty/following{/other_user}', 'gists_url': 'https://api.github.com/users/OpenLiberty/gists{/gist_id}', 'starred_url': 'https://api.github.com/users/OpenLiberty/starred{/owner}{/repo}', 'subscriptions_url': 'https://api.github.com/users/OpenLiberty/subscriptions', 'organizations_url': 'https://api.github.com/users/OpenLiberty/orgs', 'repos_url': 'https://api.github.com/users/OpenLiberty/repos', 'events_url': 'https://api.github.com/users/OpenLiberty/events{/privacy}', 'received_events_url': 'https://api.github.com/users/OpenLiberty/received_events', 'type': 'Organization', 'site_admin': False}",https://github.com/OpenLiberty/open-liberty,"Open Liberty is a highly composable, fast to start, dynamic application server runtime environment ",False,https://api.github.com/repos/OpenLiberty/open-liberty,https://api.github.com/repos/OpenLiberty/open-liberty/forks,https://api.github.com/repos/OpenLiberty/open-liberty/keys{/key_id},https://api.github.com/repos/OpenLiberty/open-liberty/collaborators{/collaborator},https://api.github.com/repos/OpenLiberty/open-liberty/teams,https://api.github.com/repos/OpenLiberty/open-liberty/hooks,https://api.github.com/repos/OpenLiberty/open-liberty/issues/events{/number},https://api.github.com/repos/OpenLiberty/open-liberty/events,https://api.github.com/repos/OpenLiberty/open-liberty/assignees{/user},https://api.github.com/repos/OpenLiberty/open-liberty/branches{/branch},https://api.github.com/repos/OpenLiberty/open-liberty/tags,https://api.github.com/repos/OpenLiberty/open-liberty/git/blobs{/sha},https://api.github.com/repos/OpenLiberty/open-liberty/git/tags{/sha},https://api.github.com/repos/OpenLiberty/open-liberty/git/refs{/sha},https://api.github.com/repos/OpenLiberty/open-liberty/git/trees{/sha},https://api.github.com/repos/OpenLiberty/open-liberty/statuses/{sha},https://api.github.com/repos/OpenLiberty/open-liberty/languages,https://api.github.com/repos/OpenLiberty/open-liberty/stargazers,https://api.github.com/repos/OpenLiberty/open-liberty/contributors,https://api.github.com/repos/OpenLiberty/open-liberty/subscribers,https://api.github.com/repos/OpenLiberty/open-liberty/subscription,https://api.github.com/repos/OpenLiberty/open-liberty/commits{/sha},https://api.github.com/repos/OpenLiberty/open-liberty/git/commits{/sha},https://api.github.com/repos/OpenLiberty/open-liberty/comments{/number},https://api.github.com/repos/OpenLiberty/open-liberty/issues/comments{/number},https://api.github.com/repos/OpenLiberty/open-liberty/contents/{+path},https://api.github.com/repos/OpenLiberty/open-liberty/compare/{base}...{head},https://api.github.com/repos/OpenLiberty/open-liberty/merges,https://api.github.com/repos/OpenLiberty/open-liberty/{archive_format}{/ref},https://api.github.com/repos/OpenLiberty/open-liberty/downloads,https://api.github.com/repos/OpenLiberty/open-liberty/issues{/number},https://api.github.com/repos/OpenLiberty/open-liberty/pulls{/number},https://api.github.com/repos/OpenLiberty/open-liberty/milestones{/number},"https://api.github.com/repos/OpenLiberty/open-liberty/notifications{?since,all,participating}",https://api.github.com/repos/OpenLiberty/open-liberty/labels{/name},https://api.github.com/repos/OpenLiberty/open-liberty/releases{/id},https://api.github.com/repos/OpenLiberty/open-liberty/deployments,2017-09-15T19:34:25Z,2023-04-13T13:19:34Z,2023-04-14T19:55:59Z,git://github.com/OpenLiberty/open-liberty.git,git@github.com:OpenLiberty/open-liberty.git,https://github.com/OpenLiberty/open-liberty.git,https://github.com/OpenLiberty/open-liberty,https://openliberty.io,912424,1059,1059,,True,True,True,True,False,False,525,,False,False,2350,"{'key': 'epl-2.0', 'name': 'Eclipse Public License 2.0', 'spdx_id': 'EPL-2.0', 'url': 'https://api.github.com/licenses/epl-2.0', 'node_id': 'MDc6TGljZW5zZTMy'}",True,False,False,['hacktoberfest'],public,525,2350,1059,integration,"{'admin': False, 'maintain': False, 'push': False, 'triage': False, 'pull': True}",1.0,[],[],EPL-2.0
13,299945306,MDEwOlJlcG9zaXRvcnkyOTk5NDUzMDY=,electric,hyperfiddle/electric,False,"{'login': 'hyperfiddle', 'id': 25986035, 'node_id': 'MDEyOk9yZ2FuaXphdGlvbjI1OTg2MDM1', 'avatar_url': 'https://avatars.githubusercontent.com/u/25986035?v=4', 'gravatar_id': '', 'url': 'https://api.github.com/users/hyperfiddle', 'html_url': 'https://github.com/hyperfiddle', 'followers_url': 'https://api.github.com/users/hyperfiddle/followers', 'following_url': 'https://api.github.com/users/hyperfiddle/following{/other_user}', 'gists_url': 'https://api.github.com/users/hyperfiddle/gists{/gist_id}', 'starred_url': 'https://api.github.com/users/hyperfiddle/starred{/owner}{/repo}', 'subscriptions_url': 'https://api.github.com/users/hyperfiddle/subscriptions', 'organizations_url': 'https://api.github.com/users/hyperfiddle/orgs', 'repos_url': 'https://api.github.com/users/hyperfiddle/repos', 'events_url': 'https://api.github.com/users/hyperfiddle/events{/privacy}', 'received_events_url': 'https://api.github.com/users/hyperfiddle/received_events', 'type': 'Organization', 'site_admin': False}",https://github.com/hyperfiddle/electric,a reactive Clojure dialect for web development that uses a compiler to infer the frontend/backend boundary,False,https://api.github.com/repos/hyperfiddle/electric,https://api.github.com/repos/hyperfiddle/electric/forks,https://api.github.com/repos/hyperfiddle/electric/keys{/key_id},https://api.github.com/repos/hyperfiddle/electric/collaborators{/collaborator},https://api.github.com/repos/hyperfiddle/electric/teams,https://api.github.com/repos/hyperfiddle/electric/hooks,https://api.github.com/repos/hyperfiddle/electric/issues/events{/number},https://api.github.com/repos/hyperfiddle/electric/events,https://api.github.com/repos/hyperfiddle/electric/assignees{/user},https://api.github.com/repos/hyperfiddle/electric/branches{/branch},https://api.github.com/repos/hyperfiddle/electric/tags,https://api.github.com/repos/hyperfiddle/electric/git/blobs{/sha},https://api.github.com/repos/hyperfiddle/electric/git/tags{/sha},https://api.github.com/repos/hyperfiddle/electric/git/refs{/sha},https://api.github.com/repos/hyperfiddle/electric/git/trees{/sha},https://api.github.com/repos/hyperfiddle/electric/statuses/{sha},https://api.github.com/repos/hyperfiddle/electric/languages,https://api.github.com/repos/hyperfiddle/electric/stargazers,https://api.github.com/repos/hyperfiddle/electric/contributors,https://api.github.com/repos/hyperfiddle/electric/subscribers,https://api.github.com/repos/hyperfiddle/electric/subscription,https://api.github.com/repos/hyperfiddle/electric/commits{/sha},https://api.github.com/repos/hyperfiddle/electric/git/commits{/sha},https://api.github.com/repos/hyperfiddle/electric/comments{/number},https://api.github.com/repos/hyperfiddle/electric/issues/comments{/number},https://api.github.com/repos/hyperfiddle/electric/contents/{+path},https://api.github.com/repos/hyperfiddle/electric/compare/{base}...{head},https://api.github.com/repos/hyperfiddle/electric/merges,https://api.github.com/repos/hyperfiddle/electric/{archive_format}{/ref},https://api.github.com/repos/hyperfiddle/electric/downloads,https://api.github.com/repos/hyperfiddle/electric/issues{/number},https://api.github.com/repos/hyperfiddle/electric/pulls{/number},https://api.github.com/repos/hyperfiddle/electric/milestones{/number},"https://api.github.com/repos/hyperfiddle/electric/notifications{?since,all,participating}",https://api.github.com/repos/hyperfiddle/electric/labels{/name},https://api.github.com/repos/hyperfiddle/electric/releases{/id},https://api.github.com/repos/hyperfiddle/electric/deployments,2020-09-30T14:24:43Z,2023-04-14T19:21:57Z,2023-04-13T15:32:49Z,git://github.com/hyperfiddle/electric.git,git@github.com:hyperfiddle/electric.git,https://github.com/hyperfiddle/electric.git,https://github.com/hyperfiddle/electric,,7375,1055,1055,Clojure,True,True,True,True,False,True,24,,False,False,9,"{'key': 'epl-2.0', 'name': 'Eclipse Public License 2.0', 'spdx_id': 'EPL-2.0', 'url': 'https://api.github.com/licenses/epl-2.0', 'node_id': 'MDc6TGljZW5zZTMy'}",True,False,False,[],public,24,9,1055,master,"{'admin': False, 'maintain': False, 'push': False, 'triage': False, 'pull': True}",1.0,"['Clojure', 'CSS', 'JavaScript', 'Haskell', 'TypeScript', 'Haxe', 'Dockerfile', 'HTML', 'Shell', 'Java', 'Nix']","[2299041, 26986, 16126, 10984, 8267, 5728, 5091, 3312, 2654, 1615, 79]",EPL-2.0
14,61087448,MDEwOlJlcG9zaXRvcnk2MTA4NzQ0OA==,VC-LTL,Chuyu-Team/VC-LTL,False,"{'login': 'Chuyu-Team', 'id': 19919835, 'node_id': 'MDEyOk9yZ2FuaXphdGlvbjE5OTE5ODM1', 'avatar_url': 'https://avatars.githubusercontent.com/u/19919835?v=4', 'gravatar_id': '', 'url': 'https://api.github.com/users/Chuyu-Team', 'html_url': 'https://github.com/Chuyu-Team', 'followers_url': 'https://api.github.com/users/Chuyu-Team/followers', 'following_url': 'https://api.github.com/users/Chuyu-Team/following{/other_user}', 'gists_url': 'https://api.github.com/users/Chuyu-Team/gists{/gist_id}', 'starred_url': 'https://api.github.com/users/Chuyu-Team/starred{/owner}{/repo}', 'subscriptions_url': 'https://api.github.com/users/Chuyu-Team/subscriptions', 'organizations_url': 'https://api.github.com/users/Chuyu-Team/orgs', 'repos_url': 'https://api.github.com/users/Chuyu-Team/repos', 'events_url': 'https://api.github.com/users/Chuyu-Team/events{/privacy}', 'received_events_url': 'https://api.github.com/users/Chuyu-Team/received_events', 'type': 'Organization', 'site_admin': False}",https://github.com/Chuyu-Team/VC-LTL,Shared to msvcrt.dll and optimize the C/C++ application file size.,False,https://api.github.com/repos/Chuyu-Team/VC-LTL,https://api.github.com/repos/Chuyu-Team/VC-LTL/forks,https://api.github.com/repos/Chuyu-Team/VC-LTL/keys{/key_id},https://api.github.com/repos/Chuyu-Team/VC-LTL/collaborators{/collaborator},https://api.github.com/repos/Chuyu-Team/VC-LTL/teams,https://api.github.com/repos/Chuyu-Team/VC-LTL/hooks,https://api.github.com/repos/Chuyu-Team/VC-LTL/issues/events{/number},https://api.github.com/repos/Chuyu-Team/VC-LTL/events,https://api.github.com/repos/Chuyu-Team/VC-LTL/assignees{/user},https://api.github.com/repos/Chuyu-Team/VC-LTL/branches{/branch},https://api.github.com/repos/Chuyu-Team/VC-LTL/tags,https://api.github.com/repos/Chuyu-Team/VC-LTL/git/blobs{/sha},https://api.github.com/repos/Chuyu-Team/VC-LTL/git/tags{/sha},https://api.github.com/repos/Chuyu-Team/VC-LTL/git/refs{/sha},https://api.github.com/repos/Chuyu-Team/VC-LTL/git/trees{/sha},https://api.github.com/repos/Chuyu-Team/VC-LTL/statuses/{sha},https://api.github.com/repos/Chuyu-Team/VC-LTL/languages,https://api.github.com/repos/Chuyu-Team/VC-LTL/stargazers,https://api.github.com/repos/Chuyu-Team/VC-LTL/contributors,https://api.github.com/repos/Chuyu-Team/VC-LTL/subscribers,https://api.github.com/repos/Chuyu-Team/VC-LTL/subscription,https://api.github.com/repos/Chuyu-Team/VC-LTL/commits{/sha},https://api.github.com/repos/Chuyu-Team/VC-LTL/git/commits{/sha},https://api.github.com/repos/Chuyu-Team/VC-LTL/comments{/number},https://api.github.com/repos/Chuyu-Team/VC-LTL/issues/comments{/number},https://api.github.com/repos/Chuyu-Team/VC-LTL/contents/{+path},https://api.github.com/repos/Chuyu-Team/VC-LTL/compare/{base}...{head},https://api.github.com/repos/Chuyu-Team/VC-LTL/merges,https://api.github.com/repos/Chuyu-Team/VC-LTL/{archive_format}{/ref},https://api.github.com/repos/Chuyu-Team/VC-LTL/downloads,https://api.github.com/repos/Chuyu-Team/VC-LTL/issues{/number},https://api.github.com/repos/Chuyu-Team/VC-LTL/pulls{/number},https://api.github.com/repos/Chuyu-Team/VC-LTL/milestones{/number},"https://api.github.com/repos/Chuyu-Team/VC-LTL/notifications{?since,all,participating}",https://api.github.com/repos/Chuyu-Team/VC-LTL/labels{/name},https://api.github.com/repos/Chuyu-Team/VC-LTL/releases{/id},https://api.github.com/repos/Chuyu-Team/VC-LTL/deployments,2016-06-14T03:01:16Z,2023-04-13T18:06:24Z,2021-12-08T09:38:25Z,git://github.com/Chuyu-Team/VC-LTL.git,git@github.com:Chuyu-Team/VC-LTL.git,https://github.com/Chuyu-Team/VC-LTL.git,https://github.com/Chuyu-Team/VC-LTL,,527867,1030,1030,C++,True,True,True,True,False,False,215,,True,False,2,"{'key': 'epl-2.0', 'name': 'Eclipse Public License 2.0', 'spdx_id': 'EPL-2.0', 'url': 'https://api.github.com/licenses/epl-2.0', 'node_id': 'MDc6TGljZW5zZTMy'}",True,False,False,[],public,215,2,1030,master,"{'admin': False, 'maintain': False, 'push': False, 'triage': False, 'pull': True}",1.0,"['C++', 'C', 'Batchfile', 'Assembly', 'Rich Text Format', 'HTML', 'CMake', 'M4', 'QMake', 'Perl', 'Shell']","[395548126, 61457872, 11991677, 7367913, 6813974, 334984, 17160, 9738, 7482, 6209, 728]",EPL-2.0
